stratum,n,events,term,HR,CI_low,CI_high,p
High_MM,945,675,labelHigh_MM_1,0.7163194279862566,0.5349997289407076,0.9590911829553931,0.025060979129368655
High_MM,945,675,labelHigh_MM_2,0.7524724665035888,0.5491727215920227,1.0310322974611117,0.07676317623363517
High_MM,945,675,aps,1.4226191053795307,1.2392247608857745,1.6331541967772256,5.559292495040361e-7
High_MM,945,675,age,1.323329767669607,1.1745912258812645,1.4909030779508985,4.120053978739178e-6
High_MM,945,675,num.co,0.9833906519714655,0.8878400734679157,1.0892245160860166,0.748090686503249
High_MM,945,675,sfdm2,2.4502605998741194,2.2883139575963316,2.623668394524809,1.599972081941639e-145
High_MM,945,675,dzgroup_mosf_malig,1.4421130409230896,1.0158969745453221,2.0471465856380107,0.04054039179153018
High_MM,945,675,dzgroup_arf_mosf,0.815125789597538,0.6126573032689593,1.0845052353441416,0.1605815586876734
High_MM,945,675,dzgroup_cirrhosis,1.1103187970795247,0.8085156912516721,1.5247791038410141,0.5178874942529327
