stratum,n,events,term,HR,CI_low,CI_high,p
Mid_MM,3261,2335,labelMid_MM_1,1.4407403509644008,1.2403635264803423,1.6734874208911379,1.7601092726995222e-6
Mid_MM,3261,2335,labelMid_MM_2,1.3227457505733387,1.1585647010965001,1.510193016414101,3.524143278531813e-5
Mid_MM,3261,2335,aps,1.2711045908118783,1.1878743670687906,1.3601664667366846,3.845485635741856e-12
Mid_MM,3261,2335,age,1.1904391250229305,1.1216057245583406,1.2634968593294185,9.670887856944668e-9
Mid_MM,3261,2335,num.co,0.9716292291968538,0.8817540629391094,1.0706651647091596,0.561120888738936
Mid_MM,3261,2335,sfdm2,2.5968857427674057,2.5021390706549322,2.695220117890343,0
Mid_MM,3261,2335,dzgroup_mosf_malig,1.0012494477755542,0.8227112691587986,1.2185325450760918,0.9900577338848254
Mid_MM,3261,2335,dzgroup_arf_mosf,0.6388274323018931,0.5562960735602422,0.7336030356094827,2.1651341595214736e-10
Mid_MM,3261,2335,dzgroup_cirrhosis,0.7276688882774659,0.588923951076807,0.8991008261742541,0.003225674726460173
