stratum,n,events,term,HR,CI_low,CI_high,p
Low_MM,3499,2387,labelLow_MM_1,1.316428189925474,1.1306617524618843,1.532715841370853,3.9679114619361057e-4
Low_MM,3499,2387,labelLow_MM_2,0.693833895227647,0.5753370431576386,0.8367364484731563,1.3054982100027648e-4
Low_MM,3499,2387,aps,1.3851280377570225,1.309280200253484,1.4653698120609873,8.435195030083021e-30
Low_MM,3499,2387,age,1.126733723287474,1.076230437106104,1.1796069312134618,3.400003733853036e-7
Low_MM,3499,2387,num.co,1.1652682732197055,1.038938662834005,1.3069589160042485,0.008990470263015155
Low_MM,3499,2387,sfdm2,2.75632741627913,2.6540438916094757,2.862552819774497,0
Low_MM,3499,2387,dzgroup_mosf_malig,1.0891510681586847,0.8967238380501582,1.322871099145299,0.389253284151715
Low_MM,3499,2387,dzgroup_arf_mosf,0.5948130042596483,0.5013711957359023,0.7056697972389188,2.554063040491376e-9
Low_MM,3499,2387,dzgroup_cirrhosis,0.7610114727271823,0.5328527857274528,1.0868639090096017,0.1331247164243381
