term,chisq,df,p
label,27.330933296640698,2,1.161885259576239e-6
aps,46.30846672788549,1,1.0102645817036832e-11
age,30.652933460378122,1,3.085597437997538e-8
num.co,0.42635848265956316,1,0.5137812165487664
sfdm2,140.23889683548106,1,2.3603305865922265e-32
dzgroup_mosf_malig,6.508082601012914,1,0.010738523746463542
dzgroup_arf_mosf,17.30691822251442,1,3.1802690025192256e-5
dzgroup_cirrhosis,0.6601188756890062,1,0.41651797882971037
GLOBAL,183.29529611772992,9,1.0385610121678433e-34
