term,chisq,df,p
label,111.72956681711688,2,5.47309306439978e-25
aps,190.39080840159758,1,2.6123205161547937e-43
age,21.94586867497815,1,2.804499729803288e-6
num.co,0.28555100422616037,1,0.5930857600010409
sfdm2,442.44801348394736,1,3.1744424476968817e-98
dzgroup_mosf_malig,0.5750524994279322,1,0.44825814384517687
dzgroup_arf_mosf,39.01074318853769,1,4.214797403951106e-10
dzgroup_cirrhosis,3.0391652097307196,1,0.08127770430782011
GLOBAL,566.5814858242002,9,3.097008747499646e-116
