term,chisq,df,p
label,307.70522055631795,2,1.5228612283223925e-67
aps,269.57948670115655,1,1.4013885107174292e-60
age,30.79296022418439,1,2.8707741809888678e-8
num.co,125.30995589113252,1,4.353483391536106e-29
sfdm2,350.7963610172397,1,2.8426361049257903e-78
dzgroup_mosf_malig,6.022816088466492,1,0.014122095232154342
dzgroup_arf_mosf,125.0505063350806,1,4.9615661884432335e-29
dzgroup_cirrhosis,1.2810736369070927,1,0.25769950609800146
GLOBAL,780.1489273680055,9,3.981889440205649e-162
