stratum,logrank_p_overall,horizon_days
High_MM,1.4517345481681474e-35,365.0
Low_MM,2.8371318854552467e-95,365.0
Mid_MM,8.906578365504381e-71,365.0
