stratum,slos_kw_p,totmcst_kw_p
High_MM,1.3385340951178444e-17,1.2976812991902834e-50
Low_MM,2.2229309689368724e-157,1.4861434082477287e-157
Mid_MM,8.016650535526762e-76,1.0289266867535881e-146
